,alpha,beta,gamma,tau,scf_cs,nn_scf_cs
0,4,0.2,8,0.2,2.024487849,2.720694
1,13,0.2,8,0.2,2.253971517,3.2191582
2,22,0.2,8,0.2,2.254868194,3.2843242
3,31,0.2,8,0.2,2.255120663,3.1226947
4,40,0.2,8,0.2,2.255140983,2.9859424
5,4,0.3,8,0.2,1.940033081,2.7158537
6,13,0.3,8,0.2,2.451185274,3.398614
7,22,0.3,8,0.2,2.452612966,3.2483244
8,31,0.3,8,0.2,2.452574592,3.2129545
9,40,0.3,8,0.2,2.452497872,3.2104068
10,4,0.4,8,0.2,1.796336737,2.6086783
11,13,0.4,8,0.2,2.488875888,3.1638427
12,22,0.4,8,0.2,2.490254268,3.1813488
13,31,0.4,8,0.2,2.490245033,3.2066822
14,40,0.4,8,0.2,2.490140461,3.2348967
15,4,0.5,8,0.2,1.605347357,2.0855105
16,13,0.5,8,0.2,2.398302744,3.06112
17,22,0.5,8,0.2,2.401182997,3.1846657
18,31,0.5,8,0.2,2.401177963,3.2149434
19,40,0.5,8,0.2,2.401211527,3.2356882
20,4,0.6,8,0.2,1.39575452,2.0479736
21,13,0.6,8,0.2,2.156690568,2.7429786
22,22,0.6,8,0.2,2.161859702,2.9448757
23,31,0.6,8,0.2,2.161917069,2.9747963
24,40,0.6,8,0.2,2.161935193,2.9975061
25,4,0.7,8,0.2,1.135901057,2.0434155
26,13,0.7,8,0.2,1.729075702,2.323146
27,22,0.7,8,0.2,1.729067816,2.4251125
28,31,0.7,8,0.2,1.7371842,2.4421983
29,40,0.7,8,0.2,1.73765023,2.4564028
30,4,0.2,14,0.2,2.068945661,2.6245844
31,13,0.2,14,0.2,2.781531369,3.5883527
32,22,0.2,14,0.2,2.792605739,3.558443
33,31,0.2,14,0.2,2.793164755,3.492313
34,40,0.2,14,0.2,2.793074878,3.4516945
35,4,0.3,14,0.2,1.878754239,2.3953857
36,13,0.3,14,0.2,3.041992704,3.8893394
37,22,0.3,14,0.2,3.058981805,3.9932518
38,31,0.3,14,0.2,3.060080739,4.0317826
39,40,0.3,14,0.2,3.059977585,4.0423837
40,4,0.4,14,0.2,1.652322642,2.2738595
41,13,0.4,14,0.2,3.246106025,4.074084
42,22,0.4,14,0.2,3.269614044,4.1662164
43,31,0.4,14,0.2,3.271014538,4.1881657
44,40,0.4,14,0.2,3.271381715,4.1996617
45,4,0.5,14,0.2,1.500559498,2.113
46,13,0.5,14,0.2,3.28533064,4.2020974
47,22,0.5,14,0.2,3.316383367,4.2640433
48,31,0.5,14,0.2,3.317969633,4.2780905
49,40,0.5,14,0.2,3.318001959,4.2869344
50,4,0.6,14,0.2,1.469510802,2.0632222
51,13,0.6,14,0.2,3.231396083,4.182048
52,22,0.6,14,0.2,3.265127209,4.281962
53,31,0.6,14,0.2,3.269727918,4.2830124
54,40,0.6,14,0.2,3.269699594,4.2830987
55,4,0.7,14,0.2,1.403028861,2.0463064
56,13,0.7,14,0.2,2.832606961,3.6800866
57,22,0.7,14,0.2,2.905260543,3.8538208
58,31,0.7,14,0.2,2.914133302,3.8560681
59,40,0.7,14,0.2,2.914987289,3.8556414
60,4,0.2,20,0.2,2.363850976,2.9524708
61,13,0.2,20,0.2,3.367713844,4.3351226
62,22,0.2,20,0.2,3.436106442,4.44779
63,31,0.2,20,0.2,3.438160359,4.4982696
64,40,0.2,20,0.2,3.438105187,4.5289407
65,4,0.3,20,0.2,2.109977893,2.653759
66,13,0.3,20,0.2,3.930208228,4.6951194
67,22,0.3,20,0.2,4.039579431,4.7418756
68,31,0.3,20,0.2,4.042990803,4.784542
69,40,0.3,20,0.2,4.043348074,4.818683
70,4,0.4,20,0.2,1.816961727,2.354611
71,13,0.4,20,0.2,4.326755002,4.937656
72,22,0.4,20,0.2,4.476578485,4.976185
73,31,0.4,20,0.2,4.480937088,5.0040555
74,40,0.4,20,0.2,4.481531599,5.0241065
75,4,0.5,20,0.2,1.70113359,2.3018208
76,13,0.5,20,0.2,4.526828881,5.093181
77,22,0.5,20,0.2,4.696111335,5.141275
78,31,0.5,20,0.2,4.702958302,5.1502943
79,40,0.5,20,0.2,4.70366118,5.153479
80,4,0.6,20,0.2,1.680012955,2.228982
81,13,0.6,20,0.2,4.367121633,5.0546556
82,22,0.6,20,0.2,4.568553797,5.161435
83,31,0.6,20,0.2,4.583457447,5.1526766
84,40,0.6,20,0.2,4.58480114,5.1404777
85,4,0.7,20,0.2,1.743686625,2.1487057
86,13,0.7,20,0.2,3.936787091,4.7689533
87,22,0.7,20,0.2,4.281198769,4.954791
88,31,0.7,20,0.2,4.293104031,4.9395633
89,40,0.7,20,0.2,4.299755273,4.9198604
90,4,0.2,26,0.2,2.762550101,3.3384905
91,13,0.2,26,0.2,4.021629274,4.7941136
92,22,0.2,26,0.2,4.221677575,4.8478456
93,31,0.2,26,0.2,4.224470151,4.909601
94,40,0.2,26,0.2,4.22553559,4.9680395
95,4,0.3,26,0.2,2.352516142,2.993478
96,13,0.3,26,0.2,4.740825587,5.166533
97,22,0.3,26,0.2,5.065504048,5.298027
98,31,0.3,26,0.2,5.069996773,5.3464065
99,40,0.3,26,0.2,5.072133347,5.383408
100,4,0.4,26,0.2,2.035816821,2.5836563
101,13,0.4,26,0.2,5.305491778,5.547991
102,22,0.4,26,0.2,5.746410908,5.659101
103,31,0.4,26,0.2,5.752429637,5.6726556
104,40,0.4,26,0.2,5.755513059,5.6758113
105,4,0.5,26,0.2,1.93701459,2.5637197
106,13,0.5,26,0.2,5.575496122,5.70332
107,22,0.5,26,0.2,6.078721824,5.8548813
108,31,0.5,26,0.2,6.092555972,5.8471885
109,40,0.5,26,0.2,6.096055307,5.8261466
110,4,0.6,26,0.2,1.963069872,2.4951332
111,13,0.6,26,0.2,5.394138185,5.6347804
112,22,0.6,26,0.2,6.005726701,5.8278995
113,31,0.6,26,0.2,6.025478352,5.808003
114,40,0.6,26,0.2,6.032654461,5.777403
115,4,0.7,26,0.2,2.026629474,2.4016745
116,13,0.7,26,0.2,4.722465467,5.4523587
117,22,0.7,26,0.2,5.572735074,5.649661
118,31,0.7,26,0.2,5.585192692,5.6347313
119,40,0.7,26,0.2,5.599130237,5.6112556
120,4,0.2,32,0.2,3.230471224,3.7840614
121,13,0.2,32,0.2,4.722356486,5.1924067
122,22,0.2,32,0.2,5.123991947,5.3646545
123,31,0.2,32,0.2,5.130377715,5.4113994
124,40,0.2,32,0.2,5.133345165,5.4504557
125,4,0.3,32,0.2,2.590367151,3.390398
126,13,0.3,32,0.2,5.445287611,5.6499643
127,22,0.3,32,0.2,6.096767967,5.867587
128,31,0.3,32,0.2,6.107518623,5.941468
129,40,0.3,32,0.2,6.112387941,5.9946327
130,4,0.4,32,0.2,2.20091762,2.752389
131,13,0.4,32,0.2,6.004394637,6.270071
132,22,0.4,32,0.2,6.878544413,6.6596384
133,31,0.4,32,0.2,6.893621931,6.7027206
134,40,0.4,32,0.2,6.90019444,6.7153234
135,4,0.5,32,0.2,2.144693537,2.7612329
136,13,0.5,32,0.2,6.30756433,6.57089
137,22,0.5,32,0.2,7.334627343,7.1107287
138,31,0.5,32,0.2,7.363716926,7.134339
139,40,0.5,32,0.2,7.371621096,7.125058
140,4,0.6,32,0.2,2.281077085,2.756206
141,13,0.6,32,0.2,6.227348015,6.3893666
142,22,0.6,32,0.2,7.493632015,7.218615
143,31,0.6,32,0.2,7.520571363,7.220763
144,40,0.6,32,0.2,7.536573053,7.1868005
145,4,0.7,32,0.2,2.314360307,2.7012315
146,13,0.7,32,0.2,5.343299691,5.992393
147,22,0.7,32,0.2,6.896933718,6.9274364
148,31,0.7,32,0.2,6.929016227,6.911056
149,40,0.7,32,0.2,6.929016227,6.8473635
150,4,0.2,8,0.4,3.075205257,3.4193645
151,13,0.2,8,0.4,3.740122687,4.367593
152,22,0.2,8,0.4,3.742576211,4.2636476
153,31,0.2,8,0.4,3.741454219,4.144385
154,40,0.2,8,0.4,3.741610782,4.077611
155,4,0.3,8,0.4,3.309369817,3.5337977
156,13,0.3,8,0.4,4.339904774,4.8286347
157,22,0.3,8,0.4,4.34162289,4.8707957
158,31,0.3,8,0.4,4.342138283,4.898372
159,40,0.3,8,0.4,4.342285091,4.8971043
160,4,0.4,8,0.4,3.203177926,3.5373368
161,13,0.4,8,0.4,4.527113965,4.9886484
162,22,0.4,8,0.4,4.529764142,5.01961
163,31,0.4,8,0.4,4.529893065,5.038399
164,40,0.4,8,0.4,4.526035497,5.0476546
165,4,0.5,8,0.4,3.078500568,3.2402143
166,13,0.5,8,0.4,4.686841719,5.04092
167,22,0.5,8,0.4,4.689648449,5.050201
168,31,0.5,8,0.4,4.690440494,5.054059
169,40,0.5,8,0.4,4.690208451,5.054991
170,4,0.6,8,0.4,2.878914595,2.8673944
171,13,0.6,8,0.4,4.64223654,4.9128222
172,22,0.6,8,0.4,4.646269984,4.9275813
173,31,0.6,8,0.4,4.646424586,4.915884
174,40,0.6,8,0.4,4.646432615,4.906649
175,4,0.7,8,0.4,2.299145954,2.6201835
176,13,0.7,8,0.4,3.840752324,4.279033
177,22,0.7,8,0.4,3.852070581,4.396475
178,31,0.7,8,0.4,3.852008082,4.378313
179,40,0.7,8,0.4,3.852061761,4.3623505
180,4,0.2,14,0.4,3.891473502,4.097122
181,13,0.2,14,0.4,5.419830883,5.57464
182,22,0.2,14,0.4,5.444447359,5.5599856
183,31,0.2,14,0.4,5.445810206,5.551152
184,40,0.2,14,0.4,5.445453432,5.5339212
185,4,0.3,14,0.4,3.956571658,4.396609
186,13,0.3,14,0.4,6.455636265,6.3302135
187,22,0.3,14,0.4,6.49478676,6.453424
188,31,0.3,14,0.4,6.497247957,6.497165
189,40,0.3,14,0.4,6.497265932,6.4959054
190,4,0.4,14,0.4,3.723246256,4.05529
191,13,0.4,14,0.4,7.23064001,7.0038924
192,22,0.4,14,0.4,7.281215267,7.105868
193,31,0.4,14,0.4,7.284416667,7.1235366
194,40,0.4,14,0.4,7.284516791,7.1219907
195,4,0.5,14,0.4,3.269507497,3.3728724
196,13,0.5,14,0.4,7.438802956,7.3102
197,22,0.5,14,0.4,7.495535215,7.3863835
198,31,0.5,14,0.4,7.498976082,7.3669515
199,40,0.5,14,0.4,7.498873269,7.336461
200,4,0.6,14,0.4,3.080519414,3.130445
201,13,0.6,14,0.4,7.512447684,7.254382
202,22,0.6,14,0.4,7.573531857,7.292616
203,31,0.6,14,0.4,7.576838867,7.241135
204,40,0.6,14,0.4,7.576867683,7.186281
205,4,0.7,14,0.4,2.817776709,2.9673629
206,13,0.7,14,0.4,6.793187558,6.6484003
207,22,0.7,14,0.4,6.844227556,6.690664
208,31,0.7,14,0.4,6.848173219,6.624684
209,40,0.7,14,0.4,6.848265361,6.564579
210,4,0.2,20,0.4,4.918380921,5.2789207
211,13,0.2,20,0.4,7.182078553,6.8688617
212,22,0.2,20,0.4,7.339669525,7.11713
213,31,0.2,20,0.4,7.344458177,7.1790786
214,40,0.2,20,0.4,7.344475723,7.025933
215,4,0.3,20,0.4,4.862999827,5.181412
216,13,0.3,20,0.4,8.71327327,8.6387
217,22,0.3,20,0.4,8.96719825,8.981872
218,31,0.3,20,0.4,8.974881314,9.022721
219,40,0.3,20,0.4,8.975634506,9.030534
220,4,0.4,20,0.4,4.276807425,4.618996
221,13,0.4,20,0.4,9.799885792,9.610344
222,22,0.4,20,0.4,10.1307116,10.049975
223,31,0.4,20,0.4,10.14066483,10.09103
224,40,0.4,20,0.4,10.14206017,10.096418
225,4,0.5,20,0.4,3.760883132,3.9854774
226,13,0.5,20,0.4,10.45346495,10.304602
227,22,0.5,20,0.4,10.83055412,10.816462
228,31,0.5,20,0.4,10.84157035,10.840613
229,40,0.5,20,0.4,10.84314018,10.827638
230,4,0.6,20,0.4,3.636435896,3.8046885
231,13,0.6,20,0.4,10.81898781,10.559973
232,22,0.6,20,0.4,11.19092929,11.009502
233,31,0.6,20,0.4,11.20261942,10.982765
234,40,0.6,20,0.4,11.20406751,10.933217
235,4,0.7,20,0.4,3.64696296,3.717535
236,13,0.7,20,0.4,10.3950464,10.186906
237,22,0.7,20,0.4,10.71366649,10.565435
238,31,0.7,20,0.4,10.73055902,10.482664
239,40,0.7,20,0.4,10.73161896,10.389398
240,4,0.2,26,0.4,6.121101683,5.9409637
241,13,0.2,26,0.4,8.948598397,8.867522
242,22,0.2,26,0.4,9.415608585,9.396854
243,31,0.2,26,0.4,9.421821752,9.419063
244,40,0.2,26,0.4,9.424348538,9.371447
245,4,0.3,26,0.4,5.750482573,5.8003955
246,13,0.3,26,0.4,10.65710842,10.435032
247,22,0.3,26,0.4,11.40750425,11.335693
248,31,0.3,26,0.4,11.41782827,11.438123
249,40,0.3,26,0.4,11.42268955,11.471693
250,4,0.4,26,0.4,4.833532678,5.269881
251,13,0.4,26,0.4,11.93547567,11.922895
252,22,0.4,26,0.4,12.9239078,13.076607
253,31,0.4,26,0.4,12.9373779,13.175937
254,40,0.4,26,0.4,12.94449405,13.20099
255,4,0.5,26,0.4,4.307347191,4.7490034
256,13,0.5,26,0.4,13.01209759,13.004128
257,22,0.5,26,0.4,14.15463395,14.113768
258,31,0.5,26,0.4,14.16992054,14.177525
259,40,0.5,26,0.4,14.17795561,14.184866
260,4,0.6,26,0.4,4.195555532,4.528334
261,13,0.6,26,0.4,13.52105905,13.405495
262,22,0.6,26,0.4,14.65060878,14.384825
263,31,0.6,26,0.4,14.6703966,14.410565
264,40,0.6,26,0.4,14.67793525,14.397223
265,4,0.7,26,0.4,4.295418015,4.3948145
266,13,0.7,26,0.4,13.10238908,13.247434
267,22,0.7,26,0.4,14.09723303,14.081166
268,31,0.7,26,0.4,14.12454377,14.065167
269,40,0.7,26,0.4,14.13198834,14.023647
270,4,0.2,32,0.4,7.193167245,7.5102806
271,13,0.2,32,0.4,10.38615423,10.232726
272,22,0.2,32,0.4,11.30968244,11.347371
273,31,0.2,32,0.4,11.324778,11.399748
274,40,0.2,32,0.4,11.33101888,11.352388
275,4,0.3,32,0.4,6.677906218,7.1095915
276,13,0.3,32,0.4,12.41663382,12.239697
277,22,0.3,32,0.4,13.92585863,13.991059
278,31,0.3,32,0.4,13.95058802,14.120449
279,40,0.3,32,0.4,13.96185253,14.134088
280,4,0.4,32,0.4,5.566326516,5.8795376
281,13,0.4,32,0.4,13.95307307,14.063472
282,22,0.4,32,0.4,15.97887586,15.9956665
283,31,0.4,32,0.4,16.01183837,16.112288
284,40,0.4,32,0.4,16.05531682,16.115446
285,4,0.5,32,0.4,4.851253146,5.432694
286,13,0.5,32,0.4,14.95428213,15.253855
287,22,0.5,32,0.4,17.2693287,17.246458
288,31,0.5,32,0.4,17.30730897,17.344524
289,40,0.5,32,0.4,17.33832985,17.339296
290,4,0.6,32,0.4,4.76511661,5.218808
291,13,0.6,32,0.4,15.58570805,15.817278
292,22,0.6,32,0.4,17.93174521,17.735035
293,31,0.6,32,0.4,17.97880764,17.806696
294,40,0.6,32,0.4,17.99546859,17.791773
295,4,0.7,32,0.4,5.062622906,5.092584
296,13,0.7,32,0.4,15.58810104,15.878401
297,22,0.7,32,0.4,17.74437309,17.619204
298,31,0.7,32,0.4,17.79190925,17.660975
299,40,0.7,32,0.4,17.80988766,17.633585
300,4,0.2,8,0.6,4.520615287,4.6916695
301,13,0.2,8,0.6,5.559982921,5.601512
302,22,0.2,8,0.6,5.562622463,5.5960026
303,31,0.2,8,0.6,5.562653331,5.5805473
304,40,0.2,8,0.6,5.562952096,5.572325
305,4,0.3,8,0.6,4.419030213,4.624891
306,13,0.3,8,0.6,5.891897965,6.0840654
307,22,0.3,8,0.6,5.894312893,6.1396937
308,31,0.3,8,0.6,5.894697764,6.117445
309,40,0.3,8,0.6,5.894877624,6.044819
310,4,0.4,8,0.6,4.520890476,4.73289
311,13,0.4,8,0.6,6.477104375,6.4563913
312,22,0.4,8,0.6,6.462146945,6.466691
313,31,0.4,8,0.6,6.495266368,6.4375553
314,40,0.4,8,0.6,6.481702156,6.39904
315,4,0.5,8,0.6,4.445800484,4.6627164
316,13,0.5,8,0.6,6.703333505,6.5901074
317,22,0.5,8,0.6,6.707959203,6.597773
318,31,0.5,8,0.6,6.707761186,6.5599494
319,40,0.5,8,0.6,6.707819667,6.513314
320,4,0.6,8,0.6,4.068628262,4.174468
321,13,0.6,8,0.6,6.478439416,6.2576547
322,22,0.6,8,0.6,6.488389757,6.250066
323,31,0.6,8,0.6,6.495102761,6.237028
324,40,0.6,8,0.6,6.533192315,6.2482824
325,4,0.7,8,0.6,4.127733434,4.2746525
326,13,0.7,8,0.6,6.661352709,6.1475296
327,22,0.7,8,0.6,6.665835426,6.2151556
328,31,0.7,8,0.6,6.640432279,6.1556726
329,40,0.7,8,0.6,6.641634659,6.1048055
330,4,0.2,14,0.6,5.538436272,5.587168
331,13,0.2,14,0.6,7.889721366,8.158376
332,22,0.2,14,0.6,7.928790544,8.004272
333,31,0.2,14,0.6,7.918578695,7.6131325
334,40,0.2,14,0.6,7.930634147,7.5747223
335,4,0.3,14,0.6,5.906453032,5.7731137
336,13,0.3,14,0.6,9.742897397,9.739221
337,22,0.3,14,0.6,9.804189282,10.048164
338,31,0.3,14,0.6,9.807864348,10.122684
339,40,0.3,14,0.6,9.807854787,10.091339
340,4,0.4,14,0.6,5.759923228,5.709701
341,13,0.4,14,0.6,10.99897076,10.981435
342,22,0.4,14,0.6,11.07721906,11.235079
343,31,0.4,14,0.6,11.08199406,11.225099
344,40,0.4,14,0.6,11.08181302,11.180725
345,4,0.5,14,0.6,5.35518093,5.5486064
346,13,0.5,14,0.6,11.69760279,11.594075
347,22,0.5,14,0.6,11.78309614,11.843297
348,31,0.5,14,0.6,11.78820434,11.831832
349,40,0.5,14,0.6,11.78845057,11.791684
350,4,0.6,14,0.6,5.003072861,5.1868644
351,13,0.6,14,0.6,11.79993619,11.561189
352,22,0.6,14,0.6,11.88363728,11.778133
353,31,0.6,14,0.6,11.8886285,11.752994
354,40,0.6,14,0.6,11.88867346,11.713987
355,4,0.7,14,0.6,4.56328775,4.802234
356,13,0.7,14,0.6,10.82686463,10.736033
357,22,0.7,14,0.6,10.8963449,10.883766
358,31,0.7,14,0.6,10.90019444,10.818644
359,40,0.7,14,0.6,10.90106599,10.75704
360,4,0.2,20,0.6,7.318417832,7.6116157
361,13,0.2,20,0.6,10.85188402,10.614198
362,22,0.2,20,0.6,11.10033936,10.941123
363,31,0.2,20,0.6,11.10756218,10.137132
364,40,0.2,20,0.6,7.786506332,8.92928
365,4,0.3,20,0.6,7.432783778,7.570095
366,13,0.3,20,0.6,13.31374631,13.227118
367,22,0.3,20,0.6,13.71049133,13.845151
368,31,0.3,20,0.6,13.7222046,13.79633
369,40,0.3,20,0.6,13.7235453,13.645374
370,4,0.4,20,0.6,6.959956912,7.019567
371,13,0.4,20,0.6,15.29223344,15.215957
372,22,0.4,20,0.6,15.80997883,15.989101
373,31,0.4,20,0.6,15.82579609,16.03878
374,40,0.4,20,0.6,15.82783236,15.997936
375,4,0.5,20,0.6,6.318805328,6.3341165
376,13,0.5,20,0.6,16.7204533,16.584232
377,22,0.5,20,0.6,17.30488005,17.349638
378,31,0.5,20,0.6,17.32243763,17.390991
379,40,0.5,20,0.6,17.3248219,17.36683
380,4,0.6,20,0.6,5.945275321,5.9761357
381,13,0.6,20,0.6,17.4464485,17.090263
382,22,0.6,20,0.6,18.02049788,17.76941
383,31,0.6,20,0.6,18.03703619,17.770227
384,40,0.6,20,0.6,18.03927592,17.73247
385,4,0.7,20,0.6,5.91421251,5.7861743
386,13,0.7,20,0.6,17.23225624,16.856264
387,22,0.7,20,0.6,17.70154367,17.426558
388,31,0.7,20,0.6,17.71646879,17.377813
389,40,0.7,20,0.6,17.71845206,17.311188
390,4,0.2,26,0.6,9.20933763,9.414315
391,13,0.2,26,0.6,13.63354423,13.567742
392,22,0.2,26,0.6,14.3677409,14.602745
393,31,0.2,26,0.6,14.37715364,14.491859
394,40,0.2,26,0.6,14.38138648,14.05743
395,4,0.3,26,0.6,9.227193118,9.390441
396,13,0.3,26,0.6,16.74584915,16.626413
397,22,0.3,26,0.6,17.93664604,17.904661
398,31,0.3,26,0.6,17.95284677,18.035849
399,40,0.3,26,0.6,17.96109383,18.004818
400,4,0.4,26,0.6,8.259716184,8.638589
401,13,0.4,26,0.6,19.07001673,19.080196
402,22,0.4,26,0.6,20.63963685,20.739868
403,31,0.4,26,0.6,20.66087888,20.860842
404,40,0.4,26,0.6,20.67219082,20.821737
405,4,0.5,26,0.6,7.257075771,7.5514846
406,13,0.5,26,0.6,20.84504523,20.782658
407,22,0.5,26,0.6,22.63743251,22.55546
408,31,0.5,26,0.6,22.66136358,22.659883
409,40,0.5,26,0.6,22.67418532,22.627289
410,4,0.6,26,0.6,6.758356777,7.0195966
411,13,0.6,26,0.6,21.88124808,21.562225
412,22,0.6,26,0.6,23.65003873,23.279186
413,31,0.6,26,0.6,23.67339982,23.354553
414,40,0.6,26,0.6,23.68547998,23.323978
415,4,0.7,26,0.6,6.765649966,6.7796702
416,13,0.7,26,0.6,21.71598445,21.628132
417,22,0.7,26,0.6,23.16669022,23.127436
418,31,0.7,26,0.6,23.190902,23.15697
419,40,0.7,26,0.6,23.20079203,23.114407
420,4,0.2,32,0.6,11.03053786,11.248506
421,13,0.2,32,0.6,16.03949693,16.129953
422,22,0.2,32,0.6,17.49562589,17.697784
423,31,0.2,32,0.6,17.5192879,17.83885
424,40,0.2,32,0.6,17.52956104,17.757687
425,4,0.3,32,0.6,10.96838504,11.470007
426,13,0.3,32,0.6,19.65103959,19.36858
427,22,0.3,32,0.6,22.05138207,21.919418
428,31,0.3,32,0.6,22.09066935,22.126947
429,40,0.3,32,0.6,22.10866647,22.090452
430,4,0.4,32,0.6,9.612747453,10.488564
431,13,0.4,32,0.6,22.28130092,22.098522
432,22,0.4,32,0.6,25.49621014,25.302074
433,31,0.4,32,0.6,25.54823851,25.528889
434,40,0.4,32,0.6,25.57236839,25.472616
435,4,0.5,32,0.6,8.169913244,8.941925
436,13,0.5,32,0.6,23.99127,23.917755
437,22,0.5,32,0.6,27.67313347,27.759935
438,31,0.5,32,0.6,27.73151441,27.930141
439,40,0.5,32,0.6,27.75852133,27.832645
440,4,0.6,32,0.6,7.596216498,8.116963
441,13,0.6,32,0.6,25.32377682,25.1025
442,22,0.6,32,0.6,29.00667543,28.895979
443,31,0.6,32,0.6,29.06517009,28.982006
444,40,0.6,32,0.6,29.09110221,28.8553
445,4,0.7,32,0.6,7.815409586,7.8421173
446,13,0.7,32,0.6,25.87122211,25.679365
447,22,0.7,32,0.6,29.0136345,29.045881
448,31,0.7,32,0.6,29.07137985,29.069235
449,40,0.7,32,0.6,29.09278273,28.928991
450,4,0.2,8,0.8,4.952867621,4.988039
451,13,0.2,8,0.8,6.228151499,6.2608724
452,22,0.2,8,0.8,6.229920826,6.2208357
453,31,0.2,8,0.8,6.233396776,6.1532173
454,40,0.2,8,0.8,6.230738278,6.1605206
455,4,0.3,8,0.8,5.984280503,5.81687
456,13,0.3,8,0.8,8.071645383,7.868168
457,22,0.3,8,0.8,8.074466577,8.041293
458,31,0.3,8,0.8,8.077745792,8.107659
459,40,0.3,8,0.8,8.074494601,8.106112
460,4,0.4,8,0.8,5.591795752,5.6914945
461,13,0.4,8,0.8,8.100810083,8.179373
462,22,0.4,8,0.8,8.106840007,8.19954
463,31,0.4,8,0.8,8.105913669,8.19649
464,40,0.4,8,0.8,8.107858703,8.190497
465,4,0.5,8,0.8,5.552255396,5.5347853
466,13,0.5,8,0.8,8.380918429,8.400218
467,22,0.5,8,0.8,8.389009342,8.327241
468,31,0.5,8,0.8,8.386449383,8.237725
469,40,0.5,8,0.8,8.387107339,8.163831
470,4,0.6,8,0.8,5.069717332,5.2549634
471,13,0.6,8,0.8,7.837513388,7.8019443
472,22,0.6,8,0.8,7.849821903,7.809578
473,31,0.6,8,0.8,7.842026607,7.8925953
474,40,0.6,8,0.8,7.843769873,8.000249
475,4,0.7,8,0.8,5.766840604,5.2410192
476,13,0.7,8,0.8,8.916014868,8.28614
477,22,0.7,8,0.8,8.918908774,8.29811
478,31,0.7,8,0.8,8.835481274,8.285123
479,40,0.7,8,0.8,8.715464433,8.244928
480,4,0.2,14,0.8,6.938931652,7.0055943
481,13,0.2,14,0.8,10.05562559,10.0136385
482,22,0.2,14,0.8,7.765840252,10.264547
483,31,0.2,14,0.8,10.11387433,9.585649
484,40,0.2,14,0.8,10.11339775,9.286893
485,4,0.3,14,0.8,7.45522152,7.6204205
486,13,0.3,14,0.8,12.53862894,12.740715
487,22,0.3,14,0.8,12.62478194,12.771496
488,31,0.3,14,0.8,12.62603276,12.651689
489,40,0.3,14,0.8,12.62619867,12.584851
490,4,0.4,14,0.8,7.611049722,7.625958
491,13,0.4,14,0.8,14.5865966,14.706894
492,22,0.4,14,0.8,14.69239498,14.91098
493,31,0.4,14,0.8,14.69895378,14.780476
494,40,0.4,14,0.8,14.69889659,14.556306
495,4,0.5,14,0.8,7.423211162,7.4971995
496,13,0.5,14,0.8,15.90396782,16.01954
497,22,0.5,14,0.8,16.02004718,16.33679
498,31,0.5,14,0.8,16.0269105,16.352777
499,40,0.5,14,0.8,16.02739919,16.309484
500,4,0.6,14,0.8,7.138714665,7.1320376
501,13,0.6,14,0.8,16.3058502,16.251556
502,22,0.6,14,0.8,16.41563682,16.539452
503,31,0.6,14,0.8,16.42191892,16.568123
504,40,0.6,14,0.8,16.42197563,16.573135
505,4,0.7,14,0.8,6.951244262,6.666074
506,13,0.7,14,0.8,15.84303504,15.448451
507,22,0.7,14,0.8,15.93400989,15.710849
508,31,0.7,14,0.8,15.93940174,15.716778
509,40,0.7,14,0.8,15.9394795,15.71708
510,4,0.2,20,0.8,9.590926388,9.682989
511,13,0.2,20,0.8,14.37485772,14.4674015
512,22,0.2,20,0.8,14.7191883,14.802584
513,31,0.2,20,0.8,14.72608725,14.084055
514,40,0.2,20,0.8,10.51314807,12.584429
515,4,0.3,20,0.8,9.919180535,10.091347
516,13,0.3,20,0.8,17.90117302,17.728615
517,22,0.3,20,0.8,18.44432225,18.470585
518,31,0.3,20,0.8,18.46066117,18.542448
519,40,0.3,20,0.8,18.46238402,18.42061
520,4,0.4,20,0.8,9.646082524,9.775619
521,13,0.4,20,0.8,20.92310381,20.689795
522,22,0.4,20,0.8,21.6350289,21.681278
523,31,0.4,20,0.8,21.65595039,21.778187
524,40,0.4,20,0.8,21.65897569,21.715813
525,4,0.5,20,0.8,8.932714059,9.175574
526,13,0.5,20,0.8,23.00255479,22.682472
527,22,0.5,20,0.8,23.79870886,23.759375
528,31,0.5,20,0.8,23.82164305,23.866657
529,40,0.5,20,0.8,23.82503954,23.849125
530,4,0.6,20,0.8,8.398502955,8.679829
531,13,0.6,20,0.8,24.05495996,23.59739
532,22,0.6,20,0.8,24.82333552,24.642977
533,31,0.6,20,0.8,24.84505192,24.736153
534,40,0.6,20,0.8,24.84826278,24.743063
535,4,0.7,20,0.8,8.398834134,8.377046
536,13,0.7,20,0.8,24.10652327,23.619694
537,22,0.7,20,0.8,24.73370002,24.521793
538,31,0.7,20,0.8,24.75161999,24.5754
539,40,0.7,20,0.8,24.75394607,24.577404
540,4,0.2,26,0.8,12.05750505,12.316427
541,13,0.2,26,0.8,18.05084372,17.944168
542,22,0.2,26,0.8,19.05278042,19.04131
543,31,0.2,26,0.8,19.0661492,19.135485
544,40,0.2,26,0.8,19.07176694,18.916283
545,4,0.3,26,0.8,12.56242227,12.88115
546,13,0.3,26,0.8,22.80233615,22.368355
547,22,0.3,26,0.8,24.44068903,24.193054
548,31,0.3,26,0.8,24.46298646,24.376907
549,40,0.3,26,0.8,24.47457943,24.28824
550,4,0.4,26,0.8,11.53743044,11.985009
551,13,0.4,26,0.8,26.11497157,25.78383
552,22,0.4,26,0.8,28.27008869,28.468138
553,31,0.4,26,0.8,28.29901058,28.658289
554,40,0.4,26,0.8,28.314694,28.567417
555,4,0.5,26,0.8,10.35389652,10.7811575
556,13,0.5,26,0.8,28.83760958,28.445875
557,22,0.5,26,0.8,31.29102208,31.296152
558,31,0.5,26,0.8,31.32295766,31.422882
559,40,0.5,26,0.8,31.34024677,31.330292
560,4,0.6,26,0.8,9.509864552,10.054758
561,13,0.6,26,0.8,30.41481644,29.969372
562,22,0.6,26,0.8,32.82087999,32.52506
563,31,0.6,26,0.8,32.85167375,32.613747
564,40,0.6,26,0.8,32.8679852,32.5449
565,4,0.7,26,0.8,9.498104755,9.7464485
566,13,0.7,26,0.8,30.75867993,30.491177
567,22,0.7,26,0.8,32.73244181,32.61955
568,31,0.7,26,0.8,32.83129379,32.666275
569,40,0.7,26,0.8,32.8446134,32.60539
570,4,0.2,32,0.8,14.78181427,14.986319
571,13,0.2,32,0.8,21.6472726,21.47421
572,22,0.2,32,0.8,23.65294304,23.739218
573,31,0.2,32,0.8,23.68598717,23.876999
574,40,0.2,32,0.8,23.69991384,23.686726
575,4,0.3,32,0.8,14.72098257,15.365589
576,13,0.3,32,0.8,26.39471148,25.743582
577,22,0.3,32,0.8,29.66871621,29.891012
578,31,0.3,32,0.8,29.7223323,30.212772
579,40,0.3,32,0.8,29.74712209,30.124813
580,4,0.4,32,0.8,13.36297456,14.130391
581,13,0.4,32,0.8,30.22968658,29.549685
582,22,0.4,32,0.8,34.60804104,34.68483
583,31,0.4,32,0.8,34.67877044,34.922306
584,40,0.4,32,0.8,34.71175771,34.7906
585,4,0.5,32,0.8,11.54586085,12.583806
586,13,0.5,32,0.8,32.91321929,32.50975
587,22,0.5,32,0.8,37.91909271,38.063213
588,31,0.5,32,0.8,37.99838606,38.30226
589,40,0.5,32,0.8,38.03453721,38.182518
590,4,0.6,32,0.8,10.62219,11.526924
591,13,0.6,32,0.8,35.32790619,34.4792
592,22,0.6,32,0.8,40.37027197,39.894997
593,31,0.6,32,0.8,40.44765478,40.11277
594,40,0.6,32,0.8,40.48332701,40.018238
595,4,0.7,32,0.8,10.61126417,11.070847
596,13,0.7,32,0.8,36.24894963,35.59534
597,22,0.7,32,0.8,40.47627323,40.3011
598,31,0.7,32,0.8,40.54227195,40.469418
599,40,0.7,32,0.8,40.57104339,40.392418
600,4,0.2,8,1,5.241305361,5.585364
601,13,0.2,8,1,6.702055164,6.6621532
602,22,0.2,8,1,6.706079024,6.792727
603,31,0.2,8,1,6.705436282,6.8193645
604,40,0.2,8,1,6.70375137,6.701479
605,4,0.3,8,1,6.744301863,6.4579234
606,13,0.3,8,1,9.193839852,8.874175
607,22,0.3,8,1,9.205909195,9.171006
608,31,0.3,8,1,9.206544766,9.313649
609,40,0.3,8,1,9.201157069,9.317882
610,4,0.4,8,1,6.463236038,6.5157604
611,13,0.4,8,1,9.446823669,9.138525
612,22,0.4,8,1,7.427768613,9.1701355
613,31,0.4,8,1,9.453083223,9.20389
614,40,0.4,8,1,9.453724878,9.230852
615,4,0.5,8,1,6.501577819,6.3940034
616,13,0.5,8,1,9.860072127,9.554848
617,22,0.5,8,1,9.872730579,9.421348
618,31,0.5,8,1,9.868162146,9.255691
619,40,0.5,8,1,7.184383432,9.102443
620,4,0.6,8,1,6.635546485,6.1376
621,13,0.6,8,1,10.16017286,9.6110325
622,22,0.6,8,1,10.16641373,9.592726
623,31,0.6,8,1,10.16637092,9.549067
624,40,0.6,8,1,10.16439968,9.481548
625,4,0.7,8,1,4.778148509,5.549873
626,13,0.7,8,1,7.142560323,7.0590987
627,22,0.7,8,1,7.173309497,7.057028
628,31,0.7,8,1,7.110548714,7.056276
629,40,0.7,8,1,7.111095222,7.0712514
630,4,0.2,14,1,8.150930786,8.275674
631,13,0.2,14,1,11.96627517,12.103248
632,22,0.2,14,1,12.03319834,12.374775
633,31,0.2,14,1,12.03630774,12.467872
634,40,0.2,14,1,12.0356827,12.045642
635,4,0.3,14,1,9.047799612,9.246263
636,13,0.3,14,1,15.3922548,15.165212
637,22,0.3,14,1,15.49399852,14.910019
638,31,0.3,14,1,10.77039297,14.459594
639,40,0.3,14,1,15.50134387,14.084629
640,4,0.4,14,1,9.516497008,9.63857
641,13,0.4,14,1,18.28881736,18.078428
642,22,0.4,14,1,18.4243836,18.354221
643,31,0.4,14,1,18.43276119,18.252659
644,40,0.4,14,1,18.4332445,17.94665
645,4,0.5,14,1,9.302551054,9.571688
646,13,0.5,14,1,19.82511132,19.739883
647,22,0.5,14,1,19.97083304,20.103275
648,31,0.5,14,1,19.97930483,20.159237
649,40,0.5,14,1,19.97982256,20.124266
650,4,0.6,14,1,9.174945772,9.326961
651,13,0.6,14,1,20.63232329,20.127872
652,22,0.6,14,1,20.76905482,20.436527
653,31,0.6,14,1,20.77691154,20.50006
654,40,0.6,14,1,20.77704451,20.523733
655,4,0.7,14,1,8.864478357,9.017532
656,13,0.7,14,1,19.67728094,19.38653
657,22,0.7,14,1,19.78290278,19.635317
658,31,0.7,14,1,19.78904211,19.675571
659,40,0.7,14,1,19.78886073,19.69989
660,4,0.2,20,1,11.44761676,11.545114
661,13,0.2,20,1,17.37943619,17.27285
662,22,0.2,20,1,17.81378508,17.833364
663,31,0.2,20,1,17.82150054,17.763105
664,40,0.2,20,1,17.82184017,17.284637
665,4,0.3,20,1,12.30661234,12.903237
666,13,0.3,20,1,22.39332344,22.052698
667,22,0.3,20,1,23.08475416,23.07482
668,31,0.3,20,1,23.10554091,23.204435
669,40,0.3,20,1,23.10797384,23.059721
670,4,0.4,20,1,12.14608095,12.42841
671,13,0.4,20,1,26.3876538,25.937754
672,22,0.4,20,1,27.2936046,27.271034
673,31,0.4,20,1,27.3200621,27.415842
674,40,0.4,20,1,27.32397521,27.320467
675,4,0.5,20,1,11.42679086,11.657322
676,13,0.5,20,1,29.16075883,28.806353
677,22,0.5,20,1,30.16879222,30.169611
678,31,0.5,20,1,30.1980951,30.284399
679,40,0.5,20,1,30.20244291,30.232615
680,4,0.6,20,1,10.72174517,11.250342
681,13,0.6,20,1,30.37979505,30.267284
682,22,0.6,20,1,31.3353019,31.435366
683,31,0.6,20,1,31.36275149,31.521217
684,40,0.6,20,1,31.36718662,31.501534
685,4,0.7,20,1,10.95340968,11.10581
686,13,0.7,20,1,30.99922233,30.605423
687,22,0.7,20,1,31.77938237,31.603804
688,31,0.7,20,1,31.80173356,31.663992
689,40,0.7,20,1,31.80473295,31.655607
690,4,0.2,26,1,14.90880951,15.246539
691,13,0.2,26,1,22.47857771,22.212831
692,22,0.2,26,1,23.76343019,23.713879
693,31,0.2,26,1,23.78040388,23.856274
694,40,0.2,26,1,23.78771217,23.63218
695,4,0.3,26,1,15.54404482,16.1468
696,13,0.3,26,1,28.45065178,28.015556
697,22,0.3,26,1,30.52850175,30.701822
698,31,0.3,26,1,30.55661393,30.949871
699,40,0.3,26,1,30.57146403,30.811325
700,4,0.4,26,1,14.70475684,14.772371
701,13,0.4,26,1,33.10888928,32.85203
702,22,0.4,26,1,35.85299547,35.77854
703,31,0.4,26,1,35.88985393,35.945503
704,40,0.4,26,1,35.90992007,35.81125
705,4,0.5,26,1,13.09311679,13.386284
706,13,0.5,26,1,36.14477708,36.135857
707,22,0.5,26,1,39.21462509,39.388603
708,31,0.5,26,1,39.25498261,39.60309
709,40,0.5,26,1,39.27682391,39.54985
710,4,0.6,26,1,12.30558623,12.672287
711,13,0.6,26,1,38.99213176,38.15076
712,22,0.6,26,1,42.03071124,41.38068
713,31,0.6,26,1,42.06978899,41.631638
714,40,0.6,26,1,42.09079001,41.66681
715,4,0.7,26,1,12.15357695,12.466637
716,13,0.7,26,1,39.50432768,39.039566
717,22,0.7,26,1,41.97624149,41.873848
718,31,0.7,26,1,42.00676568,42.12137
719,40,0.7,26,1,42.02335833,42.20643
720,4,0.2,32,1,17.97504425,18.003546
721,13,0.2,32,1,26.59032244,26.509602
722,22,0.2,32,1,29.12589778,29.915375
723,31,0.2,32,1,29.16812586,30.084288
724,40,0.2,32,1,29.1856116,29.687124
725,4,0.3,32,1,18.63035229,18.864342
726,13,0.3,32,1,33.47273525,32.775665
727,22,0.3,32,1,37.66443791,37.57142
728,31,0.3,32,1,37.73353386,37.874866
729,40,0.3,32,1,37.76513362,37.72311
730,4,0.4,32,1,17.21373463,17.48332
731,13,0.4,32,1,38.55945384,37.263622
732,22,0.4,32,1,44.15720218,43.721355
733,31,0.4,32,1,44.24781006,44.080433
734,40,0.4,32,1,44.29028653,43.951546
735,4,0.5,32,1,15.02428027,15.310897
736,13,0.5,32,1,42.13784717,40.738174
737,22,0.5,32,1,48.51189285,48.249916
738,31,0.5,32,1,48.61274779,48.583126
739,40,0.5,32,1,48.65982515,48.474625
740,4,0.6,32,1,13.50258138,14.0174265
741,13,0.6,32,1,44.88807053,43.266834
742,22,0.6,32,1,51.22089812,50.574318
743,31,0.6,32,1,51.31789015,50.83308
744,40,0.6,32,1,51.29315527,50.730785
745,4,0.7,32,1,13.26792752,13.556378
746,13,0.7,32,1,46.32070138,44.860493
747,22,0.7,32,1,51.60359553,51.288445
748,31,0.7,32,1,51.68121287,51.47964
749,40,0.7,32,1,51.84848321,51.38267
750,25,0.41,30,0.59,23.74901625,23.749594
751,13,0.6,13,0.65,11.84745562,11.562251
752,34,0.42,9,0.81,6.917678553,8.683609
753,40,0.35,14,1,17.05255158,15.997184
754,7,0.33,10,0.97,10.01215571,8.982387
755,15,0.45,31,0.98,41.6902934,40.817787
756,21,0.21,23,0.77,16.71071565,16.860785
757,4,0.32,20,0.78,9.665895709,9.772003
758,7,0.32,29,0.55,11.59546145,12.970448
759,19,0.52,26,0.98,38.75487605,38.845783
760,12,0.57,25,0.61,20.57713442,20.505043
761,6,0.43,25,0.6,10.50267985,11.705546
762,39,0.49,25,0.55,19.61835147,19.622541
763,27,0.59,16,0.78,18.58853831,18.800142
764,4,0.55,27,0.93,11.74145009,12.358486
765,28,0.42,26,0.92,33.32169005,33.953133
766,23,0.2,20,0.51,9.430649623,9.4756155
767,16,0.56,18,0.62,16.46245802,16.363543
768,30,0.3,30,0.62,21.40316079,21.523228
769,23,0.47,31,0.68,30.31273137,30.41566
770,40,0.25,8,0.91,7.940239761,8.347781
771,18,0.32,12,0.54,7.955380256,7.9145613
772,25,0.56,15,0.69,15.00128827,15.334185
773,17,0.28,32,0.99,34.94528573,34.84211
774,18,0.4,32,0.74,31.22860369,31.225899
775,34,0.28,23,0.97,25.09991102,25.071493
776,36,0.58,32,0.73,36.26491659,35.746906
777,9,0.59,26,0.98,29.1622614,29.330612
778,37,0.35,19,0.61,14.29296807,14.397262
779,18,0.51,16,0.84,19.69242726,19.73548
780,16,0.58,8,0.67,7.295000106,7.214087
781,9,0.44,26,0.77,20.25379335,21.548752
782,8,0.29,18,0.63,10.44145964,10.8699465
783,25,0.43,26,0.59,20.83687096,21.084148
784,38,0.29,30,0.58,19.56662128,19.682276
785,23,0.52,24,1,36.51080522,36.721897
786,37,0.27,26,0.77,22.13202055,22.046968
787,24,0.57,9,0.82,9.77490504,9.030515
788,30,0.45,30,0.74,31.32034311,31.920088
789,29,0.21,29,0.56,15.20558172,15.537176
790,23,0.35,24,0.84,25.8957564,25.695105
791,30,0.47,29,0.73,30.80181831,30.974096
792,38,0.41,31,0.6,25.05547057,25.015095
793,27,0.33,32,0.51,19.36906442,19.42909
794,15,0.59,9,0.91,10.71512815,9.675292
795,9,0.45,15,0.73,13.46707034,13.492132
796,17,0.45,28,0.62,23.88516245,23.71844
797,22,0.44,17,0.65,15.13941806,15.412097
798,37,0.47,18,0.84,21.84480668,22.001959
799,18,0.34,16,0.87,16.94947096,17.022766
800,22,0.3,23,0.57,14.86481239,15.097911
801,22,0.51,13,0.59,10.65190682,10.711578
802,9,0.21,21,0.63,10.88780193,10.788939
803,28,0.24,12,0.94,11.03447597,12.171521
804,34,0.36,16,0.75,15.08782056,15.09614
805,6,0.57,13,0.87,11.50519254,8.958179
806,18,0.4,13,0.89,15.01553396,15.257103
807,31,0.47,27,0.79,31.17982673,31.498722
808,17,0.42,22,0.95,29.21703361,29.076601
809,37,0.33,31,0.63,23.77412153,23.706736
810,29,0.37,20,0.83,21.61799617,21.743067
811,23,0.21,23,0.51,11.11900784,11.00389
812,27,0.34,10,0.9,10.54093576,10.117169
813,22,0.49,14,0.94,18.63077774,18.90574
814,34,0.26,20,0.97,20.64612625,20.596937
815,7,0.23,10,0.7,6.695440707,6.4913344
816,30,0.46,20,0.74,21.11880522,21.3039
817,40,0.35,26,0.91,30.31063147,30.553057
818,18,0.4,24,0.5,15.46027799,15.487672
819,29,0.56,20,0.75,22.85336052,22.791218
820,11,0.56,21,0.71,20.39957751,20.348877
821,22,0.39,14,0.83,15.01014881,15.242725
822,31,0.33,20,0.74,17.96638725,18.101454
823,26,0.24,30,0.69,21.18440016,21.291866
824,24,0.43,24,0.67,22.24884049,22.338146
825,28,0.21,18,0.96,11.44191494,15.495826
826,12,0.5,26,0.56,18.47193503,18.64869
827,25,0.5,32,0.86,41.19352588,41.51463
828,33,0.55,16,0.89,21.25641734,21.404646
829,14,0.3,28,0.91,28.13365577,27.741753
830,4,0.2,14,0.81,7.087490431,7.0842843
831,26,0.35,30,0.85,32.46384441,32.81074
832,6,0.51,10,0.98,10.36158897,8.223721
833,30,0.27,24,0.7,18.43526313,18.397377
834,20,0.46,12,0.82,13.19245592,13.75618
835,19,0.27,21,0.61,13.84718453,14.003054
836,19,0.57,13,0.93,17.24598814,17.556425
837,18,0.32,20,0.53,12.42957044,12.403295
838,19,0.29,9,0.7,7.740452668,7.557858
839,31,0.28,26,0.7,20.4260767,20.39175
840,4,0.22,9,0.74,5.368396506,5.125712
841,18,0.34,11,0.75,10.13243492,10.258536
842,15,0.55,10,0.72,9.415389749,8.981224
843,39,0.21,31,0.5,14.43412935,14.580874
844,9,0.54,20,0.62,14.75861836,14.636308
845,34,0.32,14,0.66,11.03640222,11.439318
846,11,0.24,13,0.77,10.11477103,9.939263
847,35,0.4,22,0.91,27.4513043,27.645166
848,28,0.36,23,0.57,16.32498554,16.612823
849,9,0.51,24,0.99,26.40798887,27.733936
850,33,0.56,32,0.84,41.50274103,41.927147
851,24,0.49,31,0.64,28.74773011,28.894691
852,10,0.23,22,0.96,18.40555331,18.435308
853,36,0.31,11,0.58,6.087664677,7.769944
854,39,0.46,31,0.86,38.82351629,38.940533
855,6,0.57,20,0.64,10.24861571,8.607265
856,33,0.21,32,0.5,14.86950943,15.142039
857,28,0.43,22,0.93,29.0394945,29.344767
858,4,0.56,28,0.99,12.77991701,13.246997
859,10,0.27,22,0.86,18.11931334,18.185488
860,20,0.28,16,0.67,11.93436208,12.125824
861,20,0.56,22,0.79,26.75288736,26.630081
862,31,0.47,26,0.59,21.74364243,21.826416
863,9,0.43,32,1,29.43877873,28.645247
864,29,0.54,10,0.8,10.52196059,9.993975
865,22,0.23,8,0.79,6.771374493,6.5913343
866,40,0.46,15,0.54,11.04775505,11.074607
867,38,0.25,21,0.7,15.24662988,15.181458
868,11,0.38,20,0.73,17.45580727,17.564043
869,16,0.42,26,0.67,23.32591626,23.175016
870,10,0.44,27,0.77,22.72310191,23.178795
871,18,0.44,27,0.91,34.80383838,34.905296
872,9,0.21,20,0.75,12.37080557,12.421136
873,25,0.45,9,0.57,7.03563709,6.6929913
874,12,0.29,16,0.94,16.23453577,16.232533
875,14,0.31,29,0.82,26.41177347,25.985138
876,7,0.5,18,0.74,13.35889972,12.652177
877,18,0.47,18,0.76,19.60019457,19.629585
878,20,0.43,16,0.57,12.18548894,12.3330145
879,34,0.2,22,0.91,18.0277184,18.078136
880,21,0.55,13,0.67,12.36575831,12.395625
881,6,0.34,27,0.86,16.21619403,18.381271
882,37,0.28,9,0.85,8.936697673,8.803578
883,9,0.27,18,0.92,15.39589872,16.12732
884,4,0.3,28,0.87,14.36255499,14.913482
885,39,0.25,27,0.81,23.18161345,23.034061
886,8,0.34,19,0.67,12.11699837,12.813947
887,33,0.51,23,0.57,18.9486893,18.983276
888,7,0.22,9,0.61,5.851394959,5.592687
889,5,0.43,23,0.64,9.427455931,9.675532
890,33,0.57,18,0.83,22.85524478,22.820791
891,20,0.37,11,0.96,12.8364326,12.791716
892,7,0.48,29,0.72,15.88409021,18.211279
893,30,0.5,25,0.71,26.24843262,26.399769
894,39,0.3,18,0.78,16.11350683,15.896506
895,39,0.57,18,0.89,24.61993342,24.622944
896,35,0.25,25,0.76,20.02857356,19.948517
897,9,0.46,28,0.93,25.57847887,26.629713
898,10,0.3,13,0.87,12.34070802,12.424105
899,6,0.35,19,0.89,13.34485643,14.908526
900,25,0.31,9,0.73,7.908909108,7.9842253
901,29,0.46,19,0.62,16.52562061,16.709438
902,33,0.21,8,0.95,6.849562495,6.8730984
903,29,0.3,10,0.59,7.114055341,6.8925014
904,36,0.3,29,0.51,16.69250604,16.913803
905,30,0.4,16,0.84,17.79946038,18.056974
906,19,0.51,18,0.74,19.6536198,19.624437
907,9,0.52,23,0.79,20.70227197,21.615067
908,30,0.42,19,0.69,17.90168462,18.074549
909,38,0.49,30,0.73,32.37888359,32.33111
910,16,0.23,22,0.84,18.18508051,17.976841
911,19,0.4,32,0.52,21.42725905,21.368837
912,24,0.47,25,0.65,23.31040818,23.305906
913,18,0.4,23,0.7,21.52479667,21.452946
914,27,0.52,14,0.68,13.66697124,13.796717
915,24,0.49,30,0.52,21.91817249,22.026867
916,11,0.39,27,0.69,20.6498462,20.90974
917,19,0.2,28,0.5,12.69745336,12.671831
918,33,0.52,10,0.68,9.258367247,8.532022
919,17,0.2,20,0.84,15.3388029,15.548008
920,4,0.49,22,0.78,9.183441683,9.487662
921,9,0.37,14,0.79,12.75950387,12.973657
922,5,0.27,13,0.8,7.916269883,7.7803183
923,37,0.47,30,0.91,40.1048187,40.559864
924,22,0.45,27,0.93,36.26168468,36.53339
925,35,0.27,10,0.53,6.279564024,6.0742364
926,16,0.39,29,0.64,23.92193359,23.48664
927,13,0.28,30,0.76,22.9627005,22.847183
928,35,0.3,10,0.97,10.61968841,10.225995
929,20,0.58,21,0.78,25.28744156,25.090408
930,19,0.36,17,0.82,17.56047932,17.705248
931,24,0.43,23,0.7,22.39877045,22.44477
932,17,0.23,26,0.53,13.48925318,13.482679
933,6,0.27,16,0.73,9.170605273,9.863273
934,25,0.36,24,0.75,23.09582331,23.1625
935,13,0.56,11,0.7,10.55315993,10.060511
936,23,0.35,13,0.69,11.23597051,11.549788
937,17,0.59,14,0.6,11.90350625,11.798021
938,18,0.22,28,0.5,13.33538693,13.318235
939,14,0.32,12,0.81,11.42164213,11.755131
940,17,0.42,14,0.85,15.88556599,16.21201
941,7,0.37,32,0.97,22.70601078,23.47209
942,18,0.28,32,0.9,31.9127825,31.951723
943,32,0.39,32,0.71,29.98423982,30.449795
944,19,0.36,17,0.76,16.34314893,16.458477
945,19,0.48,12,0.53,8.738572646,8.733475
946,28,0.24,9,0.76,7.676283503,7.494151
947,24,0.41,17,0.66,14.93555765,15.20575
948,10,0.41,21,0.63,15.18468864,15.518841
949,11,0.29,23,0.82,19.40014594,19.228178
950,23,0.6,27,0.67,27.86953168,27.662624
951,14,0.39,8,0.97,9.239132751,8.98063
952,40,0.52,29,0.8,35.49690815,35.218174
953,35,0.24,12,0.94,11.03458885,12.293162
954,30,0.34,28,0.76,26.74445692,26.733002
955,10,0.57,17,0.88,20.7786235,20.621258
956,30,0.6,27,0.93,40.32640794,40.15568
957,14,0.26,24,0.61,15.11654337,15.094764
958,25,0.28,28,0.91,28.66410591,28.97804
959,20,0.52,24,0.69,24.70744504,24.523779
960,24,0.53,29,0.79,35.16162308,34.95031
961,32,0.34,21,0.65,16.72356263,16.935373
962,23,0.57,25,0.7,26.83656284,26.682838
963,17,0.2,23,0.53,11.20103003,11.024342
964,32,0.55,16,0.62,14.36771753,14.522362
965,9,0.58,18,0.95,22.32513741,22.151957
966,13,0.28,11,0.62,7.786175195,7.5622816
967,21,0.57,15,0.91,20.29986743,20.307848
968,34,0.52,16,0.74,17.31800061,17.560686
969,19,0.38,24,0.86,27.4413725,27.36441
970,33,0.25,23,0.87,20.94785817,21.042707
971,20,0.31,20,0.99,23.33386171,23.224525
972,6,0.2,20,0.67,9.079187425,9.75641
973,20,0.29,19,0.68,14.56115731,14.719557
974,37,0.47,23,0.63,20.68739636,20.742233
,,,,,51.84848321,
